id,speaker_id,event_id,presentation_titles,stage_order
1,58,1,Content Marketing in the Age of AI: Balancing Creativity and Automation,1
1,29,1,The Role of Dopamine in Motivation and Behavior,1
1,69,1,Leveraging Social Media for Business Growth in 2024,1
2,69,2,The Psychology of Consumer Behavior: How Marketing Influences Decisions,1
2,6,2,Debunking Fitness Myths: What Really Works?,1
2,45,2,Exploring Renewable Energy: Advances in Solar and Wind Power,1
2,36,2,Analyzing Major Sports Trends: From Esports to Traditional Games,1
2,22,2,The Science of Sleep: How It Affects Productivity and Longevity,1
2,37,2,The Role of Dopamine in Motivation and Behavior,1
2,20,2,Mental Health Awareness in the Digital Age,1
2,68,2,Exploring Renewable Energy: Advances in Solar and Wind Power,1
2,59,2,Urban Farming: The Future of Sustainable Food Production,1
2,29,2,The Role of Dopamine in Motivation and Behavior,1
2,5,2,The Impact of Wearable Tech on Personal Fitness Goals,1
2,53,2,Startup Survival: Scaling from Idea to Execution,1
3,28,3,Startup Survival: Scaling from Idea to Execution,1
3,43,3,Preserving Indigenous Cultures in a Globalized World,1
3,21,3,Disruptive Innovations That Changed Entire Industries,1
3,58,3,Content Marketing in the Age of AI: Balancing Creativity and Automation,1
3,69,3,Leveraging Social Media for Business Growth in 2024,1
3,42,3,The Future of Quantum Computing: Possibilities and Challenges,1
4,14,4,CRISPR and Gene Editing: Ethical Implications and Innovations,1
4,38,4,The Mysteries of Space: What We’ve Learned from the James Webb Telescope,1
4,62,4,Crypto vs. Traditional Finance: The Great Debate,1
4,29,4,How Social Media Shapes Modern Psychology,1
4,64,4,The Role of Dopamine in Motivation and Behavior,1
4,26,4,Building Resilient Teams: Lessons from Sports Leadership,1
4,45,4,Exploring Renewable Energy: Advances in Solar and Wind Power,1
5,43,5,The Role of Art in Activism and Social Change,1
5,28,5,Networking Strategies for Aspiring Entrepreneurs,1
5,70,5,Crypto vs. Traditional Finance: The Great Debate,1
5,32,5,Web Development in the AI Era: Opportunities and Challenges,1
5,3,5,Crypto vs. Traditional Finance: The Great Debate,1
5,62,5,Crypto vs. Traditional Finance: The Great Debate,1
6,30,6,Networking Strategies for Aspiring Entrepreneurs,1
6,16,6,Debunking Fitness Myths: What Really Works?,1
6,63,6,Digital Transformation: The Future of Small and Medium Businesses,1
6,62,6,The Rise of FinTech: Transforming Financial Services,1
6,47,6,CRISPR and Gene Editing: Ethical Implications and Innovations,1
6,52,6,Web Development in the AI Era: Opportunities and Challenges,1
6,13,6,Understanding Emotional Intelligence: Key to Personal and Professional Success,1
6,34,6,Global Market Trends: Opportunities for Emerging Entrepreneurs,1
7,6,7,Debunking Fitness Myths: What Really Works?,1
7,8,7,Leveraging Social Media for Business Growth in 2024,1
7,64,7,Understanding Emotional Intelligence: Key to Personal and Professional Success,1
7,21,7,Disruptive Innovations That Changed Entire Industries,1
7,34,7,The Art of Negotiation: Building Better Business Relationships,1
7,66,7,Content Marketing in the Age of AI: Balancing Creativity and Automation,1
7,54,7,Mind-Body Connection: Yoga for Physical and Mental Wellness,1
7,10,7,Leveraging Social Media for Business Growth in 2024,1
7,3,7,The Rise of FinTech: Transforming Financial Services,1
8,11,8,Urban Farming: The Future of Sustainable Food Production,1
8,58,8,Content Marketing in the Age of AI: Balancing Creativity and Automation,1
8,7,8,Crypto vs. Traditional Finance: The Great Debate,1
9,64,9,Understanding Emotional Intelligence: Key to Personal and Professional Success,1
9,10,9,Leveraging Social Media for Business Growth in 2024,1
9,37,9,Understanding Emotional Intelligence: Key to Personal and Professional Success,1
9,2,9,Global Market Trends: Opportunities for Emerging Entrepreneurs,1
10,48,10,Leveraging Social Media for Business Growth in 2024,1
10,8,10,Leveraging Social Media for Business Growth in 2024,1
10,69,10,Leveraging Social Media for Business Growth in 2024,1
10,32,10,Blockchain Beyond Cryptocurrencies: Revolutionizing Digital Transactions,1
10,46,10,Sports Psychology: Mental Conditioning for Peak Performance,1
10,9,10,The Science of Sleep: How It Affects Productivity and Longevity,1
10,67,10,Debunking Fitness Myths: What Really Works?,1
10,17,10,CRISPR and Gene Editing: Ethical Implications and Innovations,1
10,34,10,Global Market Trends: Opportunities for Emerging Entrepreneurs,1
10,30,10,The Role of Failure in Entrepreneurial Success,1
10,19,10,The Role of Dopamine in Motivation and Behavior,1
10,39,10,Digital Transformation: The Future of Small and Medium Businesses,1
10,21,10,Design Thinking: A Framework for Innovation in Any Field,1
10,6,10,Debunking Fitness Myths: What Really Works?,1
10,23,10,Decoding Personal Finance: From Budgeting to Investments,1
11,25,11,Crypto vs. Traditional Finance: The Great Debate,1
11,41,11,The Impact of AI on Personalized Learning Experiences,1
11,58,11,Leveraging Social Media for Business Growth in 2024,1
11,5,11,Debunking Fitness Myths: What Really Works?,1
11,27,11,Content Marketing in the Age of AI: Balancing Creativity and Automation,1
11,42,11,Progressive Web Apps: The Future of Mobile Experiences,1
12,11,12,Urban Farming: The Future of Sustainable Food Production,1
12,3,12,Decoding Personal Finance: From Budgeting to Investments,1
12,48,12,Content Marketing in the Age of AI: Balancing Creativity and Automation,1
12,33,12,Progressive Web Apps: The Future of Mobile Experiences,1
12,60,12,The Impact of AI on Personalized Learning Experiences,1
12,53,12,Building Resilient Teams: Lessons from Sports Leadership,1
12,16,12,Debunking Fitness Myths: What Really Works?,1
12,2,12,The Art of Negotiation: Building Better Business Relationships,1
12,66,12,The Psychology of Consumer Behavior: How Marketing Influences Decisions,1
12,55,12,The Role of Corporations in Achieving Global Sustainability Goals,1
12,65,12,Transformational Leadership: Inspiring Change in Organizations,1
12,1,12,Debunking Fitness Myths: What Really Works?,1
12,54,12,The Impact of Wearable Tech on Personal Fitness Goals,1
13,48,13,Leveraging Social Media for Business Growth in 2024,1
13,21,13,How AI Is Reshaping the Innovation Landscape,1
13,9,13,The Role of Technology in Modern Healthcare: Telemedicine and Beyond,1
13,46,13,Sports Psychology: Mental Conditioning for Peak Performance,1
13,6,13,Mind-Body Connection: Yoga for Physical and Mental Wellness,1
13,33,13,Web Development in the AI Era: Opportunities and Challenges,1
13,19,13,Understanding Emotional Intelligence: Key to Personal and Professional Success,1
13,18,13,Mental Health Awareness in the Digital Age,1
13,62,13,Crypto vs. Traditional Finance: The Great Debate,1
13,50,13,Debunking Fitness Myths: What Really Works?,1
13,34,13,The Art of Negotiation: Building Better Business Relationships,1
13,61,13,The Mysteries of Space: What We’ve Learned from the James Webb Telescope,1
13,17,13,The Mysteries of Space: What We’ve Learned from the James Webb Telescope,1
13,63,13,Global Market Trends: Opportunities for Emerging Entrepreneurs,1
14,22,14,The Role of Technology in Modern Healthcare: Telemedicine and Beyond,1
14,66,14,Leveraging Social Media for Business Growth in 2024,1
14,39,14,Digital Transformation: The Future of Small and Medium Businesses,1
14,61,14,The Mysteries of Space: What We’ve Learned from the James Webb Telescope,1
14,36,14,Analyzing Major Sports Trends: From Esports to Traditional Games,1
14,40,14,How AI Is Reshaping the Innovation Landscape,1
14,65,14,The Role of Failure in Entrepreneurial Success,1
14,49,14,Circular Economy: Reducing Waste and Maximizing Resources,1
14,35,14,Web Development in the AI Era: Opportunities and Challenges,1
14,69,14,The Psychology of Consumer Behavior: How Marketing Influences Decisions,1
15,10,15,Content Marketing in the Age of AI: Balancing Creativity and Automation,1
15,65,15,Building Resilient Teams: Lessons from Sports Leadership,1
15,54,15,The Impact of Wearable Tech on Personal Fitness Goals,1
15,28,15,The Role of Empathy in Modern Leadership,1
15,49,15,Circular Economy: Reducing Waste and Maximizing Resources,1
15,50,15,Mind-Body Connection: Yoga for Physical and Mental Wellness,1
15,41,15,The Impact of AI on Personalized Learning Experiences,1
15,58,15,Content Marketing in the Age of AI: Balancing Creativity and Automation,1
15,48,15,The Psychology of Consumer Behavior: How Marketing Influences Decisions,1
15,24,15,The Psychology of Consumer Behavior: How Marketing Influences Decisions,1
16,9,16,The Science of Sleep: How It Affects Productivity and Longevity,1
16,26,16,The Role of Empathy in Modern Leadership,1
16,13,16,The Role of Dopamine in Motivation and Behavior,1
16,2,16,Global Market Trends: Opportunities for Emerging Entrepreneurs,1
16,51,16,Analyzing Major Sports Trends: From Esports to Traditional Games,1
16,68,16,The Mysteries of Space: What We’ve Learned from the James Webb Telescope,1
16,4,16,The Role of Corporations in Achieving Global Sustainability Goals,1
16,47,16,The Mysteries of Space: What We’ve Learned from the James Webb Telescope,1
16,16,16,Debunking Fitness Myths: What Really Works?,1
16,21,16,Design Thinking: A Framework for Innovation in Any Field,1
16,33,16,Blockchain Beyond Cryptocurrencies: Revolutionizing Digital Transactions,1
16,66,16,Content Marketing in the Age of AI: Balancing Creativity and Automation,1
16,69,16,Leveraging Social Media for Business Growth in 2024,1
17,16,17,Debunking Fitness Myths: What Really Works?,1
17,11,17,Circular Economy: Reducing Waste and Maximizing Resources,1
17,41,17,Bridging Gaps in Education: The Role of Online Platforms,1
17,62,17,Decoding Personal Finance: From Budgeting to Investments,1
17,37,17,How Social Media Shapes Modern Psychology,1
17,67,17,Mind-Body Connection: Yoga for Physical and Mental Wellness,1
17,2,17,Digital Transformation: The Future of Small and Medium Businesses,1
17,15,17,Decoding Personal Finance: From Budgeting to Investments,1
18,2,18,Global Market Trends: Opportunities for Emerging Entrepreneurs,1
18,3,18,Decoding Personal Finance: From Budgeting to Investments,1
18,57,18,Disruptive Innovations That Changed Entire Industries,1
18,10,18,The Psychology of Consumer Behavior: How Marketing Influences Decisions,1
18,44,18,The Role of 5G in Bridging the Digital Divide,1
18,14,18,The Mysteries of Space: What We’ve Learned from the James Webb Telescope,1
18,49,18,Urban Farming: The Future of Sustainable Food Production,1
18,36,18,The Impact of Technology on Sports Performance and Training,1
18,43,18,The Role of Art in Activism and Social Change,1
18,19,18,Understanding Emotional Intelligence: Key to Personal and Professional Success,1
18,42,18,Web Development in the AI Era: Opportunities and Challenges,1
18,62,18,Crypto vs. Traditional Finance: The Great Debate,1
18,46,18,The Impact of Technology on Sports Performance and Training,1
18,26,18,The Role of Empathy in Modern Leadership,1
18,66,18,Leveraging Social Media for Business Growth in 2024,1
19,9,19,The Role of Technology in Modern Healthcare: Telemedicine and Beyond,1
19,58,19,Content Marketing in the Age of AI: Balancing Creativity and Automation,1
19,66,19,The Psychology of Consumer Behavior: How Marketing Influences Decisions,1
19,28,19,Transformational Leadership: Inspiring Change in Organizations,1
19,69,19,The Psychology of Consumer Behavior: How Marketing Influences Decisions,1
20,21,20,Disruptive Innovations That Changed Entire Industries,1
20,50,20,The Impact of Wearable Tech on Personal Fitness Goals,1
20,49,20,Urban Farming: The Future of Sustainable Food Production,1
20,59,20,Circular Economy: Reducing Waste and Maximizing Resources,1
20,70,20,Decoding Personal Finance: From Budgeting to Investments,1
20,45,20,The Mysteries of Space: What We’ve Learned from the James Webb Telescope,1
20,68,20,Exploring Renewable Energy: Advances in Solar and Wind Power,1
20,34,20,Digital Transformation: The Future of Small and Medium Businesses,1
20,60,20,Bridging Gaps in Education: The Role of Online Platforms,1
20,31,20,The Role of Art in Activism and Social Change,1
20,4,20,Circular Economy: Reducing Waste and Maximizing Resources,1
20,51,20,The Impact of Technology on Sports Performance and Training,1
20,55,20,The Role of Corporations in Achieving Global Sustainability Goals,1
21,13,21,How Social Media Shapes Modern Psychology,1
21,22,21,The Role of Technology in Modern Healthcare: Telemedicine and Beyond,1
21,46,21,Analyzing Major Sports Trends: From Esports to Traditional Games,1
21,47,21,The Mysteries of Space: What We’ve Learned from the James Webb Telescope,1
22,63,22,Digital Transformation: The Future of Small and Medium Businesses,1
22,39,22,The Art of Negotiation: Building Better Business Relationships,1
22,59,22,Urban Farming: The Future of Sustainable Food Production,1
22,13,22,The Role of Dopamine in Motivation and Behavior,1
22,9,22,Mental Health Awareness in the Digital Age,1
22,35,22,Blockchain Beyond Cryptocurrencies: Revolutionizing Digital Transactions,1
22,55,22,Circular Economy: Reducing Waste and Maximizing Resources,1
22,66,22,Leveraging Social Media for Business Growth in 2024,1
23,10,23,Content Marketing in the Age of AI: Balancing Creativity and Automation,1
23,28,23,Startup Survival: Scaling from Idea to Execution,1
23,57,23,How AI Is Reshaping the Innovation Landscape,1
23,27,23,Content Marketing in the Age of AI: Balancing Creativity and Automation,1
23,55,23,Circular Economy: Reducing Waste and Maximizing Resources,1
23,48,23,The Psychology of Consumer Behavior: How Marketing Influences Decisions,1
23,63,23,The Art of Negotiation: Building Better Business Relationships,1
24,11,24,The Role of Corporations in Achieving Global Sustainability Goals,1
24,62,24,Decoding Personal Finance: From Budgeting to Investments,1
24,19,24,How Social Media Shapes Modern Psychology,1
24,27,24,The Psychology of Consumer Behavior: How Marketing Influences Decisions,1
24,60,24,Bridging Gaps in Education: The Role of Online Platforms,1
24,10,24,Content Marketing in the Age of AI: Balancing Creativity and Automation,1
25,62,25,Decoding Personal Finance: From Budgeting to Investments,1
25,29,25,The Role of Dopamine in Motivation and Behavior,1
25,34,25,The Art of Negotiation: Building Better Business Relationships,1
25,37,25,Understanding Emotional Intelligence: Key to Personal and Professional Success,1
25,6,25,The Impact of Wearable Tech on Personal Fitness Goals,1
25,3,25,Decoding Personal Finance: From Budgeting to Investments,1
25,19,25,The Role of Dopamine in Motivation and Behavior,1
25,30,25,Building Resilient Teams: Lessons from Sports Leadership,1
25,67,25,The Impact of Wearable Tech on Personal Fitness Goals,1
25,44,25,The Role of 5G in Bridging the Digital Divide,1
25,16,25,Debunking Fitness Myths: What Really Works?,1
25,43,25,Preserving Indigenous Cultures in a Globalized World,1
25,47,25,Exploring Renewable Energy: Advances in Solar and Wind Power,1
26,35,26,Blockchain Beyond Cryptocurrencies: Revolutionizing Digital Transactions,1
26,17,26,Exploring Renewable Energy: Advances in Solar and Wind Power,1
26,16,26,Debunking Fitness Myths: What Really Works?,1
26,58,26,Content Marketing in the Age of AI: Balancing Creativity and Automation,1
26,43,26,Preserving Indigenous Cultures in a Globalized World,1
26,30,26,Transformational Leadership: Inspiring Change in Organizations,1
26,18,26,The Science of Sleep: How It Affects Productivity and Longevity,1
27,42,27,Progressive Web Apps: The Future of Mobile Experiences,1
27,64,27,How Social Media Shapes Modern Psychology,1
27,31,27,The Evolution of Digital Art in the NFT Era,1
27,35,27,The Future of Quantum Computing: Possibilities and Challenges,1
27,3,27,Decoding Personal Finance: From Budgeting to Investments,1
27,56,27,Progressive Web Apps: The Future of Mobile Experiences,1
27,68,27,CRISPR and Gene Editing: Ethical Implications and Innovations,1
28,65,28,Transformational Leadership: Inspiring Change in Organizations,1
28,70,28,Decoding Personal Finance: From Budgeting to Investments,1
28,1,28,The Impact of Wearable Tech on Personal Fitness Goals,1
28,22,28,The Science of Sleep: How It Affects Productivity and Longevity,1
28,51,28,Sports Psychology: Mental Conditioning for Peak Performance,1
28,69,28,Leveraging Social Media for Business Growth in 2024,1
28,10,28,The Psychology of Consumer Behavior: How Marketing Influences Decisions,1
28,62,28,Crypto vs. Traditional Finance: The Great Debate,1
29,17,29,Exploring Renewable Energy: Advances in Solar and Wind Power,1
29,39,29,Global Market Trends: Opportunities for Emerging Entrepreneurs,1
29,49,29,Urban Farming: The Future of Sustainable Food Production,1
29,32,29,Progressive Web Apps: The Future of Mobile Experiences,1
29,43,29,Preserving Indigenous Cultures in a Globalized World,1
29,37,29,Understanding Emotional Intelligence: Key to Personal and Professional Success,1
29,23,29,Crypto vs. Traditional Finance: The Great Debate,1
29,67,29,The Impact of Wearable Tech on Personal Fitness Goals,1
29,60,29,Bridging Gaps in Education: The Role of Online Platforms,1
29,30,29,The Role of Failure in Entrepreneurial Success,1
29,28,29,Startup Survival: Scaling from Idea to Execution,1
29,1,29,The Impact of Wearable Tech on Personal Fitness Goals,1
29,15,29,The Rise of FinTech: Transforming Financial Services,1
29,9,29,The Role of Technology in Modern Healthcare: Telemedicine and Beyond,1
29,20,29,The Science of Sleep: How It Affects Productivity and Longevity,1
30,35,30,Blockchain Beyond Cryptocurrencies: Revolutionizing Digital Transactions,1
30,43,30,The Role of Art in Activism and Social Change,1
30,25,30,Decoding Personal Finance: From Budgeting to Investments,1
30,24,30,The Psychology of Consumer Behavior: How Marketing Influences Decisions,1
30,5,30,Mind-Body Connection: Yoga for Physical and Mental Wellness,1
30,61,30,CRISPR and Gene Editing: Ethical Implications and Innovations,1
30,33,30,The Role of 5G in Bridging the Digital Divide,1
30,32,30,The Future of Quantum Computing: Possibilities and Challenges,1
31,65,31,Transformational Leadership: Inspiring Change in Organizations,1
31,2,31,Global Market Trends: Opportunities for Emerging Entrepreneurs,1
31,34,31,Digital Transformation: The Future of Small and Medium Businesses,1
31,60,31,The Impact of AI on Personalized Learning Experiences,1
31,22,31,The Science of Sleep: How It Affects Productivity and Longevity,1
31,1,31,Mind-Body Connection: Yoga for Physical and Mental Wellness,1
31,42,31,The Future of Quantum Computing: Possibilities and Challenges,1
31,66,31,Content Marketing in the Age of AI: Balancing Creativity and Automation,1
31,70,31,The Rise of FinTech: Transforming Financial Services,1
31,13,31,The Role of Dopamine in Motivation and Behavior,1
31,17,31,CRISPR and Gene Editing: Ethical Implications and Innovations,1
31,67,31,The Impact of Wearable Tech on Personal Fitness Goals,1
31,58,31,Leveraging Social Media for Business Growth in 2024,1
32,68,32,CRISPR and Gene Editing: Ethical Implications and Innovations,1
32,43,32,The Role of Art in Activism and Social Change,1
32,53,32,Startup Survival: Scaling from Idea to Execution,1
32,33,32,The Role of 5G in Bridging the Digital Divide,1
33,46,33,The Impact of Technology on Sports Performance and Training,1
33,61,33,The Mysteries of Space: What We’ve Learned from the James Webb Telescope,1
33,59,33,The Role of Corporations in Achieving Global Sustainability Goals,1
33,38,33,Exploring Renewable Energy: Advances in Solar and Wind Power,1
33,52,33,The Future of Quantum Computing: Possibilities and Challenges,1
34,8,34,Content Marketing in the Age of AI: Balancing Creativity and Automation,1
34,28,34,Networking Strategies for Aspiring Entrepreneurs,1
34,38,34,CRISPR and Gene Editing: Ethical Implications and Innovations,1
34,30,34,The Role of Failure in Entrepreneurial Success,1
34,52,34,The Future of Quantum Computing: Possibilities and Challenges,1
34,15,34,Decoding Personal Finance: From Budgeting to Investments,1
34,45,34,The Mysteries of Space: What We’ve Learned from the James Webb Telescope,1
34,55,34,Circular Economy: Reducing Waste and Maximizing Resources,1
34,9,34,Mental Health Awareness in the Digital Age,1
34,29,34,Understanding Emotional Intelligence: Key to Personal and Professional Success,1
34,11,34,Circular Economy: Reducing Waste and Maximizing Resources,1
34,7,34,Decoding Personal Finance: From Budgeting to Investments,1
34,60,34,Bridging Gaps in Education: The Role of Online Platforms,1
34,70,34,The Rise of FinTech: Transforming Financial Services,1
34,36,34,Sports Psychology: Mental Conditioning for Peak Performance,1
35,22,35,Mental Health Awareness in the Digital Age,1
35,17,35,Exploring Renewable Energy: Advances in Solar and Wind Power,1
35,45,35,CRISPR and Gene Editing: Ethical Implications and Innovations,1
35,53,35,Building Resilient Teams: Lessons from Sports Leadership,1
35,18,35,Mental Health Awareness in the Digital Age,1
35,63,35,Digital Transformation: The Future of Small and Medium Businesses,1
35,61,35,CRISPR and Gene Editing: Ethical Implications and Innovations,1
35,51,35,The Impact of Technology on Sports Performance and Training,1
35,31,35,The Role of Art in Activism and Social Change,1
35,12,35,Design Thinking: A Framework for Innovation in Any Field,1
35,9,35,The Role of Technology in Modern Healthcare: Telemedicine and Beyond,1
36,56,36,Blockchain Beyond Cryptocurrencies: Revolutionizing Digital Transactions,1
36,63,36,Digital Transformation: The Future of Small and Medium Businesses,1
36,57,36,How AI Is Reshaping the Innovation Landscape,1
36,66,36,Content Marketing in the Age of AI: Balancing Creativity and Automation,1
36,59,36,The Role of Corporations in Achieving Global Sustainability Goals,1
36,20,36,The Science of Sleep: How It Affects Productivity and Longevity,1
37,35,37,The Future of Quantum Computing: Possibilities and Challenges,1
37,38,37,Exploring Renewable Energy: Advances in Solar and Wind Power,1
37,2,37,Global Market Trends: Opportunities for Emerging Entrepreneurs,1
37,8,37,Leveraging Social Media for Business Growth in 2024,1
37,30,37,Networking Strategies for Aspiring Entrepreneurs,1
37,19,37,How Social Media Shapes Modern Psychology,1
37,43,37,The Evolution of Digital Art in the NFT Era,1
37,23,37,The Rise of FinTech: Transforming Financial Services,1
37,33,37,The Future of Quantum Computing: Possibilities and Challenges,1
38,28,38,Startup Survival: Scaling from Idea to Execution,1
38,25,38,Decoding Personal Finance: From Budgeting to Investments,1
38,33,38,Blockchain Beyond Cryptocurrencies: Revolutionizing Digital Transactions,1
38,26,38,Building Resilient Teams: Lessons from Sports Leadership,1
38,42,38,The Future of Quantum Computing: Possibilities and Challenges,1
39,57,39,Disruptive Innovations That Changed Entire Industries,1
39,42,39,Blockchain Beyond Cryptocurrencies: Revolutionizing Digital Transactions,1
39,22,39,The Role of Technology in Modern Healthcare: Telemedicine and Beyond,1
39,21,39,How AI Is Reshaping the Innovation Landscape,1
39,19,39,How Social Media Shapes Modern Psychology,1
40,43,40,The Role of Art in Activism and Social Change,1
40,42,40,The Role of 5G in Bridging the Digital Divide,1
40,62,40,Decoding Personal Finance: From Budgeting to Investments,1
40,23,40,Crypto vs. Traditional Finance: The Great Debate,1
40,50,40,Mind-Body Connection: Yoga for Physical and Mental Wellness,1
40,41,40,The Impact of AI on Personalized Learning Experiences,1
40,34,40,Digital Transformation: The Future of Small and Medium Businesses,1
40,10,40,Content Marketing in the Age of AI: Balancing Creativity and Automation,1
40,59,40,Urban Farming: The Future of Sustainable Food Production,1
40,26,40,Transformational Leadership: Inspiring Change in Organizations,1
41,20,41,The Role of Technology in Modern Healthcare: Telemedicine and Beyond,1
41,21,41,Disruptive Innovations That Changed Entire Industries,1
41,65,41,The Role of Empathy in Modern Leadership,1
41,22,41,The Science of Sleep: How It Affects Productivity and Longevity,1
41,69,41,Leveraging Social Media for Business Growth in 2024,1
41,53,41,Building Resilient Teams: Lessons from Sports Leadership,1
41,8,41,Content Marketing in the Age of AI: Balancing Creativity and Automation,1
41,30,41,The Role of Failure in Entrepreneurial Success,1
41,7,41,Decoding Personal Finance: From Budgeting to Investments,1
41,48,41,Leveraging Social Media for Business Growth in 2024,1
41,45,41,The Mysteries of Space: What We’ve Learned from the James Webb Telescope,1
41,11,41,Urban Farming: The Future of Sustainable Food Production,1
42,17,42,The Mysteries of Space: What We’ve Learned from the James Webb Telescope,1
43,30,43,The Role of Failure in Entrepreneurial Success,1
43,31,43,The Role of Art in Activism and Social Change,1
43,66,43,The Psychology of Consumer Behavior: How Marketing Influences Decisions,1
43,16,43,The Impact of Wearable Tech on Personal Fitness Goals,1
43,64,43,The Role of Dopamine in Motivation and Behavior,1
43,33,43,Web Development in the AI Era: Opportunities and Challenges,1
43,36,43,The Impact of Technology on Sports Performance and Training,1
43,7,43,Decoding Personal Finance: From Budgeting to Investments,1
43,62,43,The Rise of FinTech: Transforming Financial Services,1
43,21,43,How AI Is Reshaping the Innovation Landscape,1
43,49,43,Circular Economy: Reducing Waste and Maximizing Resources,1
43,59,43,The Role of Corporations in Achieving Global Sustainability Goals,1
43,65,43,Startup Survival: Scaling from Idea to Execution,1
43,45,43,The Mysteries of Space: What We’ve Learned from the James Webb Telescope,1
43,43,43,The Evolution of Digital Art in the NFT Era,1
44,59,44,Circular Economy: Reducing Waste and Maximizing Resources,1
44,45,44,CRISPR and Gene Editing: Ethical Implications and Innovations,1
44,21,44,Disruptive Innovations That Changed Entire Industries,1
44,35,44,Progressive Web Apps: The Future of Mobile Experiences,1
44,57,44,Design Thinking: A Framework for Innovation in Any Field,1
44,11,44,Circular Economy: Reducing Waste and Maximizing Resources,1
44,3,44,The Rise of FinTech: Transforming Financial Services,1
44,65,44,Networking Strategies for Aspiring Entrepreneurs,1
44,18,44,The Role of Technology in Modern Healthcare: Telemedicine and Beyond,1
44,62,44,Crypto vs. Traditional Finance: The Great Debate,1
44,34,44,Digital Transformation: The Future of Small and Medium Businesses,1
45,28,45,Networking Strategies for Aspiring Entrepreneurs,1
45,40,45,Disruptive Innovations That Changed Entire Industries,1
45,60,45,The Impact of AI on Personalized Learning Experiences,1
45,62,45,Decoding Personal Finance: From Budgeting to Investments,1
45,64,45,Understanding Emotional Intelligence: Key to Personal and Professional Success,1
45,30,45,Networking Strategies for Aspiring Entrepreneurs,1
45,4,45,Urban Farming: The Future of Sustainable Food Production,1
45,9,45,The Role of Technology in Modern Healthcare: Telemedicine and Beyond,1
45,67,45,The Impact of Wearable Tech on Personal Fitness Goals,1
45,5,45,The Impact of Wearable Tech on Personal Fitness Goals,1
45,23,45,Decoding Personal Finance: From Budgeting to Investments,1
45,55,45,Urban Farming: The Future of Sustainable Food Production,1
46,31,46,The Role of Art in Activism and Social Change,1
46,29,46,How Social Media Shapes Modern Psychology,1
46,37,46,The Role of Dopamine in Motivation and Behavior,1
46,22,46,The Role of Technology in Modern Healthcare: Telemedicine and Beyond,1
46,19,46,Understanding Emotional Intelligence: Key to Personal and Professional Success,1
46,25,46,Decoding Personal Finance: From Budgeting to Investments,1
46,34,46,Digital Transformation: The Future of Small and Medium Businesses,1
46,66,46,Content Marketing in the Age of AI: Balancing Creativity and Automation,1
46,6,46,The Impact of Wearable Tech on Personal Fitness Goals,1
46,18,46,The Science of Sleep: How It Affects Productivity and Longevity,1
47,60,47,The Impact of AI on Personalized Learning Experiences,1
47,25,47,Crypto vs. Traditional Finance: The Great Debate,1
47,20,47,The Science of Sleep: How It Affects Productivity and Longevity,1
47,44,47,Progressive Web Apps: The Future of Mobile Experiences,1
47,43,47,Preserving Indigenous Cultures in a Globalized World,1
47,16,47,The Impact of Wearable Tech on Personal Fitness Goals,1
47,7,47,Crypto vs. Traditional Finance: The Great Debate,1
47,53,47,Networking Strategies for Aspiring Entrepreneurs,1
47,26,47,Startup Survival: Scaling from Idea to Execution,1
47,1,47,Mind-Body Connection: Yoga for Physical and Mental Wellness,1
47,13,47,Understanding Emotional Intelligence: Key to Personal and Professional Success,1
47,12,47,How AI Is Reshaping the Innovation Landscape,1
48,12,48,Design Thinking: A Framework for Innovation in Any Field,1
48,3,48,Crypto vs. Traditional Finance: The Great Debate,1
48,22,48,The Science of Sleep: How It Affects Productivity and Longevity,1
48,48,48,Content Marketing in the Age of AI: Balancing Creativity and Automation,1
48,31,48,Preserving Indigenous Cultures in a Globalized World,1
48,57,48,Disruptive Innovations That Changed Entire Industries,1
49,16,49,Mind-Body Connection: Yoga for Physical and Mental Wellness,1
49,65,49,Networking Strategies for Aspiring Entrepreneurs,1
49,58,49,Content Marketing in the Age of AI: Balancing Creativity and Automation,1
49,17,49,CRISPR and Gene Editing: Ethical Implications and Innovations,1
49,66,49,Leveraging Social Media for Business Growth in 2024,1
49,60,49,Bridging Gaps in Education: The Role of Online Platforms,1
49,10,49,Content Marketing in the Age of AI: Balancing Creativity and Automation,1
49,32,49,Blockchain Beyond Cryptocurrencies: Revolutionizing Digital Transactions,1
49,46,49,Sports Psychology: Mental Conditioning for Peak Performance,1
49,23,49,Decoding Personal Finance: From Budgeting to Investments,1
49,54,49,The Impact of Wearable Tech on Personal Fitness Goals,1
50,15,50,Decoding Personal Finance: From Budgeting to Investments,1
50,51,50,Sports Psychology: Mental Conditioning for Peak Performance,1
50,53,50,Transformational Leadership: Inspiring Change in Organizations,1
50,17,50,Exploring Renewable Energy: Advances in Solar and Wind Power,1
50,69,50,Content Marketing in the Age of AI: Balancing Creativity and Automation,1
50,60,50,Bridging Gaps in Education: The Role of Online Platforms,1
50,64,50,Understanding Emotional Intelligence: Key to Personal and Professional Success,1
50,30,50,Transformational Leadership: Inspiring Change in Organizations,1
50,36,50,The Impact of Technology on Sports Performance and Training,1
50,41,50,Bridging Gaps in Education: The Role of Online Platforms,1
50,29,50,Understanding Emotional Intelligence: Key to Personal and Professional Success,1
50,57,50,Disruptive Innovations That Changed Entire Industries,1
50,47,50,CRISPR and Gene Editing: Ethical Implications and Innovations,1
50,8,50,Leveraging Social Media for Business Growth in 2024,1
50,68,50,Exploring Renewable Energy: Advances in Solar and Wind Power,1
51,31,51,The Role of Art in Activism and Social Change,1
51,57,51,Design Thinking: A Framework for Innovation in Any Field,1
51,46,51,The Impact of Technology on Sports Performance and Training,1
51,12,51,Disruptive Innovations That Changed Entire Industries,1
51,52,51,Progressive Web Apps: The Future of Mobile Experiences,1
51,15,51,Decoding Personal Finance: From Budgeting to Investments,1
52,56,52,The Role of 5G in Bridging the Digital Divide,1
52,38,52,CRISPR and Gene Editing: Ethical Implications and Innovations,1
52,1,52,Debunking Fitness Myths: What Really Works?,1
52,17,52,CRISPR and Gene Editing: Ethical Implications and Innovations,1
52,13,52,The Role of Dopamine in Motivation and Behavior,1
52,61,52,Exploring Renewable Energy: Advances in Solar and Wind Power,1
52,27,52,Leveraging Social Media for Business Growth in 2024,1
52,42,52,The Future of Quantum Computing: Possibilities and Challenges,1
52,46,52,Analyzing Major Sports Trends: From Esports to Traditional Games,1
52,54,52,The Impact of Wearable Tech on Personal Fitness Goals,1
52,2,52,Digital Transformation: The Future of Small and Medium Businesses,1
52,64,52,How Social Media Shapes Modern Psychology,1
53,9,53,Mental Health Awareness in the Digital Age,1
53,69,53,Leveraging Social Media for Business Growth in 2024,1
53,1,53,The Impact of Wearable Tech on Personal Fitness Goals,1
53,29,53,The Role of Dopamine in Motivation and Behavior,1
53,2,53,The Art of Negotiation: Building Better Business Relationships,1
53,64,53,The Role of Dopamine in Motivation and Behavior,1
53,40,53,Disruptive Innovations That Changed Entire Industries,1
53,41,53,The Impact of AI on Personalized Learning Experiences,1
53,15,53,Crypto vs. Traditional Finance: The Great Debate,1
53,58,53,The Psychology of Consumer Behavior: How Marketing Influences Decisions,1
53,25,53,The Rise of FinTech: Transforming Financial Services,1
53,57,53,Disruptive Innovations That Changed Entire Industries,1
53,63,53,Digital Transformation: The Future of Small and Medium Businesses,1
53,16,53,Mind-Body Connection: Yoga for Physical and Mental Wellness,1
53,5,53,The Impact of Wearable Tech on Personal Fitness Goals,1
54,66,54,Leveraging Social Media for Business Growth in 2024,1
54,32,54,The Role of 5G in Bridging the Digital Divide,1
54,64,54,Understanding Emotional Intelligence: Key to Personal and Professional Success,1
54,18,54,The Role of Technology in Modern Healthcare: Telemedicine and Beyond,1
54,33,54,Web Development in the AI Era: Opportunities and Challenges,1
54,12,54,Disruptive Innovations That Changed Entire Industries,1
54,63,54,The Art of Negotiation: Building Better Business Relationships,1
54,7,54,Decoding Personal Finance: From Budgeting to Investments,1
54,69,54,The Psychology of Consumer Behavior: How Marketing Influences Decisions,1
54,47,54,CRISPR and Gene Editing: Ethical Implications and Innovations,1
55,29,55,The Role of Dopamine in Motivation and Behavior,1
55,19,55,The Role of Dopamine in Motivation and Behavior,1
55,23,55,Decoding Personal Finance: From Budgeting to Investments,1
55,10,55,Leveraging Social Media for Business Growth in 2024,1
55,2,55,Digital Transformation: The Future of Small and Medium Businesses,1
55,41,55,Bridging Gaps in Education: The Role of Online Platforms,1
55,11,55,Circular Economy: Reducing Waste and Maximizing Resources,1
55,14,55,The Mysteries of Space: What We’ve Learned from the James Webb Telescope,1
55,28,55,Building Resilient Teams: Lessons from Sports Leadership,1
55,1,55,The Impact of Wearable Tech on Personal Fitness Goals,1
55,53,55,The Role of Empathy in Modern Leadership,1
55,68,55,Exploring Renewable Energy: Advances in Solar and Wind Power,1
55,32,55,Blockchain Beyond Cryptocurrencies: Revolutionizing Digital Transactions,1
55,49,55,Urban Farming: The Future of Sustainable Food Production,1
56,6,56,Mind-Body Connection: Yoga for Physical and Mental Wellness,1
56,20,56,The Role of Technology in Modern Healthcare: Telemedicine and Beyond,1
56,14,56,CRISPR and Gene Editing: Ethical Implications and Innovations,1
56,23,56,Crypto vs. Traditional Finance: The Great Debate,1
56,57,56,Disruptive Innovations That Changed Entire Industries,1
57,3,57,Decoding Personal Finance: From Budgeting to Investments,1
57,46,57,Sports Psychology: Mental Conditioning for Peak Performance,1
57,40,57,Disruptive Innovations That Changed Entire Industries,1
57,61,57,The Mysteries of Space: What We’ve Learned from the James Webb Telescope,1
57,50,57,The Impact of Wearable Tech on Personal Fitness Goals,1
57,51,57,Analyzing Major Sports Trends: From Esports to Traditional Games,1
57,59,57,Circular Economy: Reducing Waste and Maximizing Resources,1
57,10,57,Content Marketing in the Age of AI: Balancing Creativity and Automation,1
57,31,57,The Evolution of Digital Art in the NFT Era,1
57,13,57,The Role of Dopamine in Motivation and Behavior,1
58,16,58,Debunking Fitness Myths: What Really Works?,1
58,4,58,The Role of Corporations in Achieving Global Sustainability Goals,1
58,63,58,Digital Transformation: The Future of Small and Medium Businesses,1
58,29,58,Understanding Emotional Intelligence: Key to Personal and Professional Success,1
58,9,58,Mental Health Awareness in the Digital Age,1
58,23,58,Crypto vs. Traditional Finance: The Great Debate,1
58,46,58,Sports Psychology: Mental Conditioning for Peak Performance,1
58,40,58,How AI Is Reshaping the Innovation Landscape,1
59,42,59,The Role of 5G in Bridging the Digital Divide,1
59,22,59,Mental Health Awareness in the Digital Age,1
59,4,59,Urban Farming: The Future of Sustainable Food Production,1
59,34,59,Global Market Trends: Opportunities for Emerging Entrepreneurs,1
59,9,59,Mental Health Awareness in the Digital Age,1
59,68,59,CRISPR and Gene Editing: Ethical Implications and Innovations,1
59,70,59,The Rise of FinTech: Transforming Financial Services,1
59,55,59,The Role of Corporations in Achieving Global Sustainability Goals,1
59,33,59,Blockchain Beyond Cryptocurrencies: Revolutionizing Digital Transactions,1
59,44,59,The Future of Quantum Computing: Possibilities and Challenges,1
59,15,59,The Rise of FinTech: Transforming Financial Services,1
59,60,59,Gamification in Learning: Making Education Engaging and Fun,1
59,65,59,The Role of Failure in Entrepreneurial Success,1
59,57,59,Design Thinking: A Framework for Innovation in Any Field,1
60,45,60,Exploring Renewable Energy: Advances in Solar and Wind Power,1
60,26,60,Transformational Leadership: Inspiring Change in Organizations,1
60,69,60,Leveraging Social Media for Business Growth in 2024,1
60,56,60,Progressive Web Apps: The Future of Mobile Experiences,1
60,21,60,Design Thinking: A Framework for Innovation in Any Field,1
60,9,60,The Role of Technology in Modern Healthcare: Telemedicine and Beyond,1
60,29,60,The Role of Dopamine in Motivation and Behavior,1
60,22,60,The Science of Sleep: How It Affects Productivity and Longevity,1
60,31,60,The Evolution of Digital Art in the NFT Era,1
60,14,60,Exploring Renewable Energy: Advances in Solar and Wind Power,1
60,38,60,CRISPR and Gene Editing: Ethical Implications and Innovations,1
61,70,61,Decoding Personal Finance: From Budgeting to Investments,1
61,25,61,The Rise of FinTech: Transforming Financial Services,1
61,53,61,Building Resilient Teams: Lessons from Sports Leadership,1
61,2,61,The Art of Negotiation: Building Better Business Relationships,1
61,67,61,The Impact of Wearable Tech on Personal Fitness Goals,1
61,44,61,The Role of 5G in Bridging the Digital Divide,1
61,58,61,The Psychology of Consumer Behavior: How Marketing Influences Decisions,1
61,49,61,Circular Economy: Reducing Waste and Maximizing Resources,1
61,54,61,Debunking Fitness Myths: What Really Works?,1
61,10,61,The Psychology of Consumer Behavior: How Marketing Influences Decisions,1
61,37,61,Understanding Emotional Intelligence: Key to Personal and Professional Success,1
61,13,61,How Social Media Shapes Modern Psychology,1
61,5,61,Debunking Fitness Myths: What Really Works?,1
62,66,62,Leveraging Social Media for Business Growth in 2024,1
63,5,63,Mind-Body Connection: Yoga for Physical and Mental Wellness,1
63,46,63,Sports Psychology: Mental Conditioning for Peak Performance,1
63,70,63,The Rise of FinTech: Transforming Financial Services,1
63,58,63,Content Marketing in the Age of AI: Balancing Creativity and Automation,1
63,62,63,Crypto vs. Traditional Finance: The Great Debate,1
63,14,63,The Mysteries of Space: What We’ve Learned from the James Webb Telescope,1
63,25,63,The Rise of FinTech: Transforming Financial Services,1
64,60,64,Bridging Gaps in Education: The Role of Online Platforms,1
64,5,64,Mind-Body Connection: Yoga for Physical and Mental Wellness,1
64,21,64,Disruptive Innovations That Changed Entire Industries,1
64,41,64,The Impact of AI on Personalized Learning Experiences,1
64,62,64,The Rise of FinTech: Transforming Financial Services,1
64,69,64,Leveraging Social Media for Business Growth in 2024,1
65,65,65,Building Resilient Teams: Lessons from Sports Leadership,1
65,30,65,Startup Survival: Scaling from Idea to Execution,1
65,55,65,Urban Farming: The Future of Sustainable Food Production,1
65,11,65,Urban Farming: The Future of Sustainable Food Production,1
66,50,66,Mind-Body Connection: Yoga for Physical and Mental Wellness,1
66,60,66,The Impact of AI on Personalized Learning Experiences,1
66,29,66,How Social Media Shapes Modern Psychology,1
66,58,66,The Psychology of Consumer Behavior: How Marketing Influences Decisions,1
66,36,66,Sports Psychology: Mental Conditioning for Peak Performance,1
66,1,66,Debunking Fitness Myths: What Really Works?,1
67,26,67,Transformational Leadership: Inspiring Change in Organizations,1
67,4,67,Urban Farming: The Future of Sustainable Food Production,1
67,51,67,The Impact of Technology on Sports Performance and Training,1
67,62,67,Crypto vs. Traditional Finance: The Great Debate,1
67,61,67,CRISPR and Gene Editing: Ethical Implications and Innovations,1
67,50,67,Debunking Fitness Myths: What Really Works?,1
67,46,67,The Impact of Technology on Sports Performance and Training,1
67,47,67,CRISPR and Gene Editing: Ethical Implications and Innovations,1
67,54,67,Debunking Fitness Myths: What Really Works?,1
68,53,68,Startup Survival: Scaling from Idea to Execution,1
68,48,68,Content Marketing in the Age of AI: Balancing Creativity and Automation,1
68,6,68,The Impact of Wearable Tech on Personal Fitness Goals,1
68,56,68,Progressive Web Apps: The Future of Mobile Experiences,1
68,57,68,How AI Is Reshaping the Innovation Landscape,1
68,25,68,The Rise of FinTech: Transforming Financial Services,1
68,66,68,Content Marketing in the Age of AI: Balancing Creativity and Automation,1
68,27,68,Content Marketing in the Age of AI: Balancing Creativity and Automation,1
68,42,68,Progressive Web Apps: The Future of Mobile Experiences,1
68,41,68,The Impact of AI on Personalized Learning Experiences,1
68,28,68,The Role of Failure in Entrepreneurial Success,1
68,62,68,Decoding Personal Finance: From Budgeting to Investments,1
68,35,68,Web Development in the AI Era: Opportunities and Challenges,1
68,32,68,Web Development in the AI Era: Opportunities and Challenges,1
69,62,69,The Rise of FinTech: Transforming Financial Services,1
69,31,69,The Evolution of Digital Art in the NFT Era,1
69,67,69,Debunking Fitness Myths: What Really Works?,1
69,59,69,The Role of Corporations in Achieving Global Sustainability Goals,1
69,42,69,Progressive Web Apps: The Future of Mobile Experiences,1
70,66,70,Leveraging Social Media for Business Growth in 2024,1
70,16,70,The Impact of Wearable Tech on Personal Fitness Goals,1
70,47,70,Exploring Renewable Energy: Advances in Solar and Wind Power,1
70,27,70,The Psychology of Consumer Behavior: How Marketing Influences Decisions,1
70,48,70,The Psychology of Consumer Behavior: How Marketing Influences Decisions,1
70,14,70,CRISPR and Gene Editing: Ethical Implications and Innovations,1
70,65,70,Transformational Leadership: Inspiring Change in Organizations,1
70,28,70,Transformational Leadership: Inspiring Change in Organizations,1
70,50,70,The Impact of Wearable Tech on Personal Fitness Goals,1
70,40,70,Design Thinking: A Framework for Innovation in Any Field,1
70,38,70,Exploring Renewable Energy: Advances in Solar and Wind Power,1
70,5,70,The Impact of Wearable Tech on Personal Fitness Goals,1
70,61,70,CRISPR and Gene Editing: Ethical Implications and Innovations,1
70,53,70,Networking Strategies for Aspiring Entrepreneurs,1
71,38,71,Exploring Renewable Energy: Advances in Solar and Wind Power,1
71,29,71,How Social Media Shapes Modern Psychology,1
71,11,71,Circular Economy: Reducing Waste and Maximizing Resources,1
71,12,71,Design Thinking: A Framework for Innovation in Any Field,1
71,69,71,The Psychology of Consumer Behavior: How Marketing Influences Decisions,1
71,54,71,Mind-Body Connection: Yoga for Physical and Mental Wellness,1
71,47,71,The Mysteries of Space: What We’ve Learned from the James Webb Telescope,1
71,19,71,How Social Media Shapes Modern Psychology,1
71,53,71,The Role of Empathy in Modern Leadership,1
71,56,71,Web Development in the AI Era: Opportunities and Challenges,1
71,17,71,Exploring Renewable Energy: Advances in Solar and Wind Power,1
71,45,71,Exploring Renewable Energy: Advances in Solar and Wind Power,1
71,31,71,Preserving Indigenous Cultures in a Globalized World,1
71,70,71,The Rise of FinTech: Transforming Financial Services,1
72,47,72,CRISPR and Gene Editing: Ethical Implications and Innovations,1
72,30,72,Building Resilient Teams: Lessons from Sports Leadership,1
72,4,72,Circular Economy: Reducing Waste and Maximizing Resources,1
72,61,72,Exploring Renewable Energy: Advances in Solar and Wind Power,1
72,49,72,Circular Economy: Reducing Waste and Maximizing Resources,1
72,60,72,Bridging Gaps in Education: The Role of Online Platforms,1
72,69,72,The Psychology of Consumer Behavior: How Marketing Influences Decisions,1
72,66,72,Content Marketing in the Age of AI: Balancing Creativity and Automation,1
72,35,72,Progressive Web Apps: The Future of Mobile Experiences,1
72,3,72,Crypto vs. Traditional Finance: The Great Debate,1
72,25,72,The Rise of FinTech: Transforming Financial Services,1
72,29,72,Understanding Emotional Intelligence: Key to Personal and Professional Success,1
73,69,73,Leveraging Social Media for Business Growth in 2024,1
73,56,73,Blockchain Beyond Cryptocurrencies: Revolutionizing Digital Transactions,1
73,62,73,Crypto vs. Traditional Finance: The Great Debate,1
73,63,73,Digital Transformation: The Future of Small and Medium Businesses,1
73,32,73,Web Development in the AI Era: Opportunities and Challenges,1
73,24,73,Content Marketing in the Age of AI: Balancing Creativity and Automation,1
73,6,73,The Impact of Wearable Tech on Personal Fitness Goals,1
73,10,73,Content Marketing in the Age of AI: Balancing Creativity and Automation,1
73,11,73,Urban Farming: The Future of Sustainable Food Production,1
73,37,73,How Social Media Shapes Modern Psychology,1
73,66,73,Leveraging Social Media for Business Growth in 2024,1
74,31,74,The Evolution of Digital Art in the NFT Era,1
74,35,74,Progressive Web Apps: The Future of Mobile Experiences,1
74,38,74,CRISPR and Gene Editing: Ethical Implications and Innovations,1
74,3,74,Decoding Personal Finance: From Budgeting to Investments,1
74,28,74,The Role of Empathy in Modern Leadership,1
74,37,74,Understanding Emotional Intelligence: Key to Personal and Professional Success,1
74,50,74,Debunking Fitness Myths: What Really Works?,1
75,45,75,The Mysteries of Space: What We’ve Learned from the James Webb Telescope,1
75,36,75,Analyzing Major Sports Trends: From Esports to Traditional Games,1
75,50,75,Mind-Body Connection: Yoga for Physical and Mental Wellness,1
75,40,75,Disruptive Innovations That Changed Entire Industries,1
75,7,75,Decoding Personal Finance: From Budgeting to Investments,1
75,44,75,Blockchain Beyond Cryptocurrencies: Revolutionizing Digital Transactions,1
76,50,76,Mind-Body Connection: Yoga for Physical and Mental Wellness,1
76,11,76,Urban Farming: The Future of Sustainable Food Production,1
76,44,76,Progressive Web Apps: The Future of Mobile Experiences,1
76,14,76,CRISPR and Gene Editing: Ethical Implications and Innovations,1
76,21,76,Design Thinking: A Framework for Innovation in Any Field,1
76,6,76,Debunking Fitness Myths: What Really Works?,1
76,45,76,CRISPR and Gene Editing: Ethical Implications and Innovations,1
76,58,76,The Psychology of Consumer Behavior: How Marketing Influences Decisions,1
76,39,76,Digital Transformation: The Future of Small and Medium Businesses,1
76,35,76,The Future of Quantum Computing: Possibilities and Challenges,1
76,8,76,The Psychology of Consumer Behavior: How Marketing Influences Decisions,1
77,12,77,How AI Is Reshaping the Innovation Landscape,1
77,29,77,The Role of Dopamine in Motivation and Behavior,1
77,31,77,The Role of Art in Activism and Social Change,1
77,45,77,CRISPR and Gene Editing: Ethical Implications and Innovations,1
77,62,77,Crypto vs. Traditional Finance: The Great Debate,1
77,7,77,The Rise of FinTech: Transforming Financial Services,1
77,47,77,Exploring Renewable Energy: Advances in Solar and Wind Power,1
77,6,77,Debunking Fitness Myths: What Really Works?,1
77,13,77,How Social Media Shapes Modern Psychology,1
77,54,77,Mind-Body Connection: Yoga for Physical and Mental Wellness,1
77,22,77,The Role of Technology in Modern Healthcare: Telemedicine and Beyond,1
77,53,77,Building Resilient Teams: Lessons from Sports Leadership,1
77,61,77,Exploring Renewable Energy: Advances in Solar and Wind Power,1
77,23,77,Decoding Personal Finance: From Budgeting to Investments,1
77,51,77,Analyzing Major Sports Trends: From Esports to Traditional Games,1
78,38,78,The Mysteries of Space: What We’ve Learned from the James Webb Telescope,1
78,60,78,Bridging Gaps in Education: The Role of Online Platforms,1
78,29,78,Understanding Emotional Intelligence: Key to Personal and Professional Success,1
78,5,78,The Impact of Wearable Tech on Personal Fitness Goals,1
78,62,78,Decoding Personal Finance: From Budgeting to Investments,1
78,27,78,Content Marketing in the Age of AI: Balancing Creativity and Automation,1
78,26,78,Transformational Leadership: Inspiring Change in Organizations,1
78,68,78,Exploring Renewable Energy: Advances in Solar and Wind Power,1
78,65,78,The Role of Failure in Entrepreneurial Success,1
78,13,78,How Social Media Shapes Modern Psychology,1
79,43,79,The Evolution of Digital Art in the NFT Era,1
79,21,79,Design Thinking: A Framework for Innovation in Any Field,1
79,69,79,The Psychology of Consumer Behavior: How Marketing Influences Decisions,1
79,34,79,Global Market Trends: Opportunities for Emerging Entrepreneurs,1
79,28,79,Building Resilient Teams: Lessons from Sports Leadership,1
79,38,79,Exploring Renewable Energy: Advances in Solar and Wind Power,1
79,66,79,Leveraging Social Media for Business Growth in 2024,1
79,58,79,Leveraging Social Media for Business Growth in 2024,1
79,10,79,Leveraging Social Media for Business Growth in 2024,1
79,5,79,Mind-Body Connection: Yoga for Physical and Mental Wellness,1
79,35,79,The Role of 5G in Bridging the Digital Divide,1
80,68,80,The Mysteries of Space: What We’ve Learned from the James Webb Telescope,1
81,34,81,Digital Transformation: The Future of Small and Medium Businesses,1
81,25,81,Decoding Personal Finance: From Budgeting to Investments,1
81,20,81,The Role of Technology in Modern Healthcare: Telemedicine and Beyond,1
82,5,82,Debunking Fitness Myths: What Really Works?,1
82,45,82,The Mysteries of Space: What We’ve Learned from the James Webb Telescope,1
82,22,82,Mental Health Awareness in the Digital Age,1
82,64,82,The Role of Dopamine in Motivation and Behavior,1
82,55,82,Circular Economy: Reducing Waste and Maximizing Resources,1
82,7,82,Crypto vs. Traditional Finance: The Great Debate,1
83,14,83,CRISPR and Gene Editing: Ethical Implications and Innovations,1
83,54,83,Debunking Fitness Myths: What Really Works?,1
83,35,83,Blockchain Beyond Cryptocurrencies: Revolutionizing Digital Transactions,1
83,23,83,Decoding Personal Finance: From Budgeting to Investments,1
83,6,83,The Impact of Wearable Tech on Personal Fitness Goals,1
83,61,83,The Mysteries of Space: What We’ve Learned from the James Webb Telescope,1
83,67,83,Debunking Fitness Myths: What Really Works?,1
83,34,83,Digital Transformation: The Future of Small and Medium Businesses,1
83,12,83,Disruptive Innovations That Changed Entire Industries,1
83,64,83,Understanding Emotional Intelligence: Key to Personal and Professional Success,1
83,9,83,The Science of Sleep: How It Affects Productivity and Longevity,1
83,56,83,Progressive Web Apps: The Future of Mobile Experiences,1
84,51,84,The Impact of Technology on Sports Performance and Training,1
84,40,84,How AI Is Reshaping the Innovation Landscape,1
84,62,84,Decoding Personal Finance: From Budgeting to Investments,1
84,64,84,The Role of Dopamine in Motivation and Behavior,1
84,5,84,Debunking Fitness Myths: What Really Works?,1
84,33,84,Web Development in the AI Era: Opportunities and Challenges,1
84,2,84,Digital Transformation: The Future of Small and Medium Businesses,1
84,3,84,Crypto vs. Traditional Finance: The Great Debate,1
85,47,85,The Mysteries of Space: What We’ve Learned from the James Webb Telescope,1
85,62,85,The Rise of FinTech: Transforming Financial Services,1
85,7,85,The Rise of FinTech: Transforming Financial Services,1
85,8,85,The Psychology of Consumer Behavior: How Marketing Influences Decisions,1
85,45,85,The Mysteries of Space: What We’ve Learned from the James Webb Telescope,1
85,58,85,The Psychology of Consumer Behavior: How Marketing Influences Decisions,1
85,32,85,Web Development in the AI Era: Opportunities and Challenges,1
86,38,86,The Mysteries of Space: What We’ve Learned from the James Webb Telescope,1
86,58,86,Content Marketing in the Age of AI: Balancing Creativity and Automation,1
86,35,86,Web Development in the AI Era: Opportunities and Challenges,1
86,33,86,Progressive Web Apps: The Future of Mobile Experiences,1
86,13,86,Understanding Emotional Intelligence: Key to Personal and Professional Success,1
86,4,86,Circular Economy: Reducing Waste and Maximizing Resources,1
86,30,86,Transformational Leadership: Inspiring Change in Organizations,1
86,54,86,Debunking Fitness Myths: What Really Works?,1
86,27,86,Content Marketing in the Age of AI: Balancing Creativity and Automation,1
86,10,86,Leveraging Social Media for Business Growth in 2024,1
86,42,86,The Role of 5G in Bridging the Digital Divide,1
86,32,86,Progressive Web Apps: The Future of Mobile Experiences,1
87,23,87,The Rise of FinTech: Transforming Financial Services,1
87,22,87,The Science of Sleep: How It Affects Productivity and Longevity,1
87,13,87,How Social Media Shapes Modern Psychology,1
87,9,87,The Role of Technology in Modern Healthcare: Telemedicine and Beyond,1
87,63,87,The Art of Negotiation: Building Better Business Relationships,1
87,1,87,The Impact of Wearable Tech on Personal Fitness Goals,1
87,12,87,Design Thinking: A Framework for Innovation in Any Field,1
87,18,87,The Role of Technology in Modern Healthcare: Telemedicine and Beyond,1
87,38,87,Exploring Renewable Energy: Advances in Solar and Wind Power,1
87,26,87,Networking Strategies for Aspiring Entrepreneurs,1
87,69,87,Leveraging Social Media for Business Growth in 2024,1
87,40,87,Design Thinking: A Framework for Innovation in Any Field,1
87,6,87,Debunking Fitness Myths: What Really Works?,1
87,48,87,The Psychology of Consumer Behavior: How Marketing Influences Decisions,1
88,19,88,Understanding Emotional Intelligence: Key to Personal and Professional Success,1
88,8,88,Leveraging Social Media for Business Growth in 2024,1
88,56,88,The Role of 5G in Bridging the Digital Divide,1
89,68,89,Exploring Renewable Energy: Advances in Solar and Wind Power,1
89,18,89,Mental Health Awareness in the Digital Age,1
89,58,89,Content Marketing in the Age of AI: Balancing Creativity and Automation,1
89,41,89,The Impact of AI on Personalized Learning Experiences,1
89,16,89,Mind-Body Connection: Yoga for Physical and Mental Wellness,1
89,38,89,The Mysteries of Space: What We’ve Learned from the James Webb Telescope,1
89,26,89,The Role of Failure in Entrepreneurial Success,1
89,5,89,Debunking Fitness Myths: What Really Works?,1
89,8,89,The Psychology of Consumer Behavior: How Marketing Influences Decisions,1
89,20,89,The Role of Technology in Modern Healthcare: Telemedicine and Beyond,1
89,40,89,Disruptive Innovations That Changed Entire Industries,1
89,37,89,Understanding Emotional Intelligence: Key to Personal and Professional Success,1
90,53,90,Transformational Leadership: Inspiring Change in Organizations,1
90,9,90,Mental Health Awareness in the Digital Age,1
90,1,90,The Impact of Wearable Tech on Personal Fitness Goals,1
90,2,90,Digital Transformation: The Future of Small and Medium Businesses,1
90,70,90,Crypto vs. Traditional Finance: The Great Debate,1
90,61,90,The Mysteries of Space: What We’ve Learned from the James Webb Telescope,1
90,38,90,Exploring Renewable Energy: Advances in Solar and Wind Power,1
90,44,90,The Role of 5G in Bridging the Digital Divide,1
90,56,90,Web Development in the AI Era: Opportunities and Challenges,1
90,46,90,Sports Psychology: Mental Conditioning for Peak Performance,1
90,57,90,Disruptive Innovations That Changed Entire Industries,1
90,24,90,Leveraging Social Media for Business Growth in 2024,1
90,22,90,Mental Health Awareness in the Digital Age,1
90,29,90,The Role of Dopamine in Motivation and Behavior,1
91,37,91,Understanding Emotional Intelligence: Key to Personal and Professional Success,1
91,45,91,CRISPR and Gene Editing: Ethical Implications and Innovations,1
91,2,91,Digital Transformation: The Future of Small and Medium Businesses,1
91,36,91,Sports Psychology: Mental Conditioning for Peak Performance,1
91,23,91,Decoding Personal Finance: From Budgeting to Investments,1
91,40,91,Disruptive Innovations That Changed Entire Industries,1
91,50,91,Debunking Fitness Myths: What Really Works?,1
91,18,91,Mental Health Awareness in the Digital Age,1
92,44,92,Blockchain Beyond Cryptocurrencies: Revolutionizing Digital Transactions,1
92,57,92,Design Thinking: A Framework for Innovation in Any Field,1
92,5,92,Mind-Body Connection: Yoga for Physical and Mental Wellness,1
93,18,93,The Science of Sleep: How It Affects Productivity and Longevity,1
93,30,93,The Role of Failure in Entrepreneurial Success,1
93,9,93,Mental Health Awareness in the Digital Age,1
93,7,93,Crypto vs. Traditional Finance: The Great Debate,1
93,53,93,Startup Survival: Scaling from Idea to Execution,1
93,21,93,Disruptive Innovations That Changed Entire Industries,1
93,34,93,The Art of Negotiation: Building Better Business Relationships,1
93,4,93,Urban Farming: The Future of Sustainable Food Production,1
93,14,93,Exploring Renewable Energy: Advances in Solar and Wind Power,1
93,70,93,Decoding Personal Finance: From Budgeting to Investments,1
93,45,93,Exploring Renewable Energy: Advances in Solar and Wind Power,1
93,37,93,The Role of Dopamine in Motivation and Behavior,1
93,11,93,The Role of Corporations in Achieving Global Sustainability Goals,1
93,25,93,Crypto vs. Traditional Finance: The Great Debate,1
93,43,93,The Role of Art in Activism and Social Change,1
94,34,94,Digital Transformation: The Future of Small and Medium Businesses,1
94,22,94,The Science of Sleep: How It Affects Productivity and Longevity,1
94,33,94,The Role of 5G in Bridging the Digital Divide,1
94,25,94,Crypto vs. Traditional Finance: The Great Debate,1
95,4,95,Urban Farming: The Future of Sustainable Food Production,1
95,29,95,How Social Media Shapes Modern Psychology,1
95,58,95,The Psychology of Consumer Behavior: How Marketing Influences Decisions,1
95,24,95,Content Marketing in the Age of AI: Balancing Creativity and Automation,1
95,63,95,The Art of Negotiation: Building Better Business Relationships,1
95,54,95,Debunking Fitness Myths: What Really Works?,1
95,56,95,Blockchain Beyond Cryptocurrencies: Revolutionizing Digital Transactions,1
95,7,95,The Rise of FinTech: Transforming Financial Services,1
96,14,96,CRISPR and Gene Editing: Ethical Implications and Innovations,1
96,66,96,The Psychology of Consumer Behavior: How Marketing Influences Decisions,1
96,24,96,Leveraging Social Media for Business Growth in 2024,1
96,69,96,Leveraging Social Media for Business Growth in 2024,1
96,57,96,How AI Is Reshaping the Innovation Landscape,1
96,46,96,Sports Psychology: Mental Conditioning for Peak Performance,1
96,45,96,Exploring Renewable Energy: Advances in Solar and Wind Power,1
96,6,96,Mind-Body Connection: Yoga for Physical and Mental Wellness,1
96,53,96,The Role of Empathy in Modern Leadership,1
96,30,96,Networking Strategies for Aspiring Entrepreneurs,1
96,67,96,Debunking Fitness Myths: What Really Works?,1
96,64,96,The Role of Dopamine in Motivation and Behavior,1
96,27,96,Content Marketing in the Age of AI: Balancing Creativity and Automation,1
96,52,96,Web Development in the AI Era: Opportunities and Challenges,1
97,26,97,Building Resilient Teams: Lessons from Sports Leadership,1
97,48,97,Content Marketing in the Age of AI: Balancing Creativity and Automation,1
97,22,97,The Role of Technology in Modern Healthcare: Telemedicine and Beyond,1
97,19,97,Understanding Emotional Intelligence: Key to Personal and Professional Success,1
97,31,97,The Role of Art in Activism and Social Change,1
97,3,97,The Rise of FinTech: Transforming Financial Services,1
97,58,97,The Psychology of Consumer Behavior: How Marketing Influences Decisions,1
97,53,97,The Role of Failure in Entrepreneurial Success,1
97,20,97,The Science of Sleep: How It Affects Productivity and Longevity,1
97,21,97,Design Thinking: A Framework for Innovation in Any Field,1
98,42,98,Blockchain Beyond Cryptocurrencies: Revolutionizing Digital Transactions,1
98,21,98,Disruptive Innovations That Changed Entire Industries,1
98,41,98,The Impact of AI on Personalized Learning Experiences,1
98,27,98,Leveraging Social Media for Business Growth in 2024,1
98,44,98,The Role of 5G in Bridging the Digital Divide,1
98,5,98,The Impact of Wearable Tech on Personal Fitness Goals,1
98,38,98,CRISPR and Gene Editing: Ethical Implications and Innovations,1
98,46,98,Sports Psychology: Mental Conditioning for Peak Performance,1
98,19,98,How Social Media Shapes Modern Psychology,1
98,34,98,The Art of Negotiation: Building Better Business Relationships,1
98,28,98,Networking Strategies for Aspiring Entrepreneurs,1
98,62,98,Decoding Personal Finance: From Budgeting to Investments,1
99,22,99,The Role of Technology in Modern Healthcare: Telemedicine and Beyond,1
99,61,99,CRISPR and Gene Editing: Ethical Implications and Innovations,1
99,69,99,Content Marketing in the Age of AI: Balancing Creativity and Automation,1
99,57,99,How AI Is Reshaping the Innovation Landscape,1
99,14,99,Exploring Renewable Energy: Advances in Solar and Wind Power,1
99,54,99,Mind-Body Connection: Yoga for Physical and Mental Wellness,1
99,53,99,Startup Survival: Scaling from Idea to Execution,1
99,29,99,How Social Media Shapes Modern Psychology,1
99,1,99,The Impact of Wearable Tech on Personal Fitness Goals,1
99,26,99,Building Resilient Teams: Lessons from Sports Leadership,1
99,13,99,The Role of Dopamine in Motivation and Behavior,1
99,25,99,The Rise of FinTech: Transforming Financial Services,1
99,52,99,The Role of 5G in Bridging the Digital Divide,1
99,8,99,Leveraging Social Media for Business Growth in 2024,1
100,40,100,How AI Is Reshaping the Innovation Landscape,1
100,16,100,Debunking Fitness Myths: What Really Works?,1
100,23,100,Decoding Personal Finance: From Budgeting to Investments,1
100,58,100,The Psychology of Consumer Behavior: How Marketing Influences Decisions,1
100,9,100,The Science of Sleep: How It Affects Productivity and Longevity,1
100,7,100,The Rise of FinTech: Transforming Financial Services,1
100,8,100,The Psychology of Consumer Behavior: How Marketing Influences Decisions,1
100,70,100,The Rise of FinTech: Transforming Financial Services,1
100,57,100,How AI Is Reshaping the Innovation Landscape,1
